<?xml version="1.0" encoding="UTF-8"?>
<beans xmlns="http://www.springframework.org/schema/beans"
	xmlns:xsi="http://www.w3.org/2001/XMLSchema-instance"
	xmlns:aop="http://www.springframework.org/schema/aop"
	xsi:schemaLocation="http://www.springframework.org/schema/beans http://www.springframework.org/schema/beans/spring-beans.xsd
		http://www.springframework.org/schema/aop http://www.springframework.org/schema/aop/spring-aop-4.3.xsd">

   <!-- configure  target class -->
   <bean id="store" class="com.nt.service.ECommerceStore"/>
   
   <!-- cfg Advice classes -->
   <bean id="pmAspect"  class="com.nt.aspect.PerformenceMonitoringAspect"/>
   <bean id="cacheAspect" class="com.nt.aspect.CachingAspect"/>
   <bean id="logAspect"  class="com.nt.aspect.AroundLoggingAspect"/>
   
   <!-- enable AspectjAOP -->
   <aop:config>
     <!-- pointcut expression -->
     <aop:pointcut expression="execution(* com.nt.service.ECommerceStore.*(..))" id="ptc"/>
   
    
     
     
     <!-- make spring bean as aspectj aop advice -->
     <aop:aspect ref="pmAspect"  order="-1">
         <aop:around method="monitor" pointcut-ref="ptc" />
     </aop:aspect>
     
      <!-- make spring bean as aspectjaop advice -->
     <aop:aspect ref="logAspect"  order="-10">
        <aop:around method="logging" pointcut-ref="ptc"/>
     </aop:aspect>
     
     <!-- make spring bean as aspectjaop advice -->
     <aop:aspect ref="cacheAspect"  order="-15">
        <aop:around method="caching" pointcut="execution(float com.nt.service.ECommerceStore.calc*(..))"/>
     </aop:aspect>
    
     
     
     
   </aop:config>
   
   

</beans>
