<?xml version="1.0" encoding="UTF-8"?>
<beans xmlns="http://www.springframework.org/schema/beans"
	xmlns:xsi="http://www.w3.org/2001/XMLSchema-instance"
	xmlns:context="http://www.springframework.org/schema/context"
	xsi:schemaLocation="http://www.springframework.org/schema/beans https://www.springframework.org/schema/beans/spring-beans-4.3.xsd
		http://www.springframework.org/schema/context https://www.springframework.org/schema/context/spring-context-4.3.xsd">
   
   <context:component-scan base-package="com.nt.dao"/>
   
   <!-- XA Datasource for oracle -->
    <bean id="oraXADs"  class="com.atomikos.jdbc.AtomikosDataSourceBean">
     <property name="uniqueResourceName"  value="oraXA"/>
     <property name="xaDataSourceClassName" value="oracle.jdbc.xa.client.OracleXADataSource"/>
     <property name="xaProperties">
        <props>
          <prop key="databaseName">xe</prop>
          <prop key="user">system</prop>
          <prop key="password">manager</prop>
          <prop key="URL">jdbc:oracle:thin:@localhost:1521:xe</prop>
        </props>
     </property>
  </bean>
  
  <!-- XA DataSource for mysql -->
  <bean id="mysqlXADs"  class="com.atomikos.jdbc.AtomikosDataSourceBean">
     <property name="uniqueResourceName"  value="mysqlXA"/>
     <property name="xaDataSourceClassName" value="com.mysql.cj.jdbc.MysqlXADataSource"/>
     <property name="xaProperties">
        <props>
          <prop key="databaseName">ntsp612db</prop>
          <prop key="user">root</prop>
          <prop key="password">root</prop>
          <prop key="URL">jdbc:mysql:///ntsp612db</prop>
        </props>
     </property>
  </bean>		
  
  <!-- JdbcTemplate for oracle -->
  <bean id="oraJt" class="org.springframework.jdbc.core.JdbcTemplate">
     <constructor-arg ref="oraXADs"/>
  </bean>
  
  <!-- JdbcTemplate for mysql -->
  <bean id="mysqlJt" class="org.springframework.jdbc.core.JdbcTemplate">
     <constructor-arg ref="mysqlXADs"/>
  </bean>
  
  
  

</beans>
