<?xml version="1.0" encoding="UTF-8"?>
<beans xmlns="http://www.springframework.org/schema/beans"
	xmlns:xsi="http://www.w3.org/2001/XMLSchema-instance"
	xmlns:aop="http://www.springframework.org/schema/aop"
	xsi:schemaLocation="http://www.springframework.org/schema/beans http://www.springframework.org/schema/beans/spring-beans.xsd
		http://www.springframework.org/schema/aop http://www.springframework.org/schema/aop/spring-aop-4.3.xsd">
 <!-- cfg taget class -->
   <bean id="showRoom"   class="com.nt.service.CarShowRoom"/>
   
   <!-- Cfg advice class -->
   <bean id="driveAdvice"  class="com.nt.advice.TestDriveAdvice"/>
   
   <!-- enable aspectjAOP -->
   <aop:config >
      <!-- Pointcut expression -->
      <!-- <aop:pointcut expression="execution(String com.nt.service.CarShowRoom.purchaseCar(..))" id="ptc"/>
       -->
       <aop:pointcut expression="execution(String com.nt.service.CarShowRoom.purchaseCar(..)) and args(model,rate,color,salesman)" id="ptc"/>
      
      <!-- Cfg  spring bean as aspectjAOP advice -->
      <aop:aspect ref="driveAdvice">
         <aop:before method="testDriving" pointcut-ref="ptc"/>
      </aop:aspect>
      
   </aop:config>
 	

</beans>
