<?xml version="1.0" encoding="UTF-8"?>
<beans xmlns="http://www.springframework.org/schema/beans"
	xmlns:xsi="http://www.w3.org/2001/XMLSchema-instance"
	xsi:schemaLocation="http://www.springframework.org/schema/beans https://www.springframework.org/schema/beans/spring-beans-4.3.xsd">
  
  <!-- configure advice classes -->
  <bean id="pmAdvice"   class="com.nt.advice.PerformenceMonitoringAdvice"/>
  <!-- Configure target class -->
  <bean id="bankService"  class="com.nt.service.BankService"/>
  
  <!-- Cfg ProxyFactoryBean to generate Proxy class  and to return its object -->
  <bean id="pfb" class="org.springframework.aop.framework.ProxyFactoryBean">
     <property name="target" ref="bankService"/>
     <property name="interceptorNames">
        <array>
          <value>pmAdvice</value>
        </array>
     
     </property>
  </bean>
   
   

</beans>
