<?xml version="1.0" encoding="UTF-8"?>
<beans xmlns="http://www.springframework.org/schema/beans"
	xmlns:xsi="http://www.w3.org/2001/XMLSchema-instance"
	xmlns:aop="http://www.springframework.org/schema/aop"
	xmlns:context="http://www.springframework.org/schema/context"
	xmlns:tx="http://www.springframework.org/schema/tx"
	xsi:schemaLocation="http://www.springframework.org/schema/beans http://www.springframework.org/schema/beans/spring-beans.xsd
		http://www.springframework.org/schema/aop http://www.springframework.org/schema/aop/spring-aop-4.3.xsd
		http://www.springframework.org/schema/context http://www.springframework.org/schema/context/spring-context-4.3.xsd
		http://www.springframework.org/schema/tx http://www.springframework.org/schema/tx/spring-tx-4.3.xsd">

  <!-- ServerManaged DTx servcie -->
   <bean id="dtxService"  class="org.springframework.jndi.JndiObjectFactoryBean">
        <property name="jndiName"  value="javax/transaction/UserTransaction"/>
   </bean>
   
   <!-- ServerManaged DTx Manager -->
   <bean id="dtxMgmr"  class="org.springframework.jndi.JndiObjectFactoryBean">
        <property name="jndiName"  value="javax/transaction/TransactionManager"/>
   </bean>
   
   
  
  <!-- cfg Jta Transaction Manager-->
  <bean id="jtaTxMgmr"  class="org.springframework.transaction.jta.JtaTransactionManager">
      <property name="userTransaction" ref="dtxService"/>
      <property name="transactionManager" ref="dtxMgmr"/>
  </bean>
  
  <tx:annotation-driven  transaction-manager="jtaTxMgmr"/>

</beans>
